USE [NeposedyDB];
GO

SET NOCOUNT ON;
GO

BEGIN TRANSACTION;
GO

SET IDENTITY_INSERT dbo.Users ON;
INSERT INTO dbo.Users (Id, FullName, Login, Password, Role) VALUES
(1, N'Главный администратор', 'admin', 'admin123', 'Admin'),
(2, N'Елена Викторовна Смирнова', 'teacher.smirnova', 'teacher123', 'Teacher'),
(3, N'Марина Сергеевна Иванова', 'teacher.ivanova', 'teacher123', 'Teacher'),
(4, N'Ольга Андреевна Кузнецова', 'teacher.kuznetsova', 'teacher123', 'Teacher'),
(5, N'Надежда Павловна Орлова', 'teacher.orlova', 'teacher123', 'Teacher'),
(6, N'Татьяна Николаевна Белова', 'teacher.belova', 'teacher123', 'Teacher'),
(7, N'Ирина Валерьевна Егорова', 'teacher.egorova', 'teacher123', 'Teacher'),
(8, N'Анна Петровна Соколова', 'parent.sokolova', 'parent123', 'Parent'),
(9, N'Игорь Сергеевич Соколов', 'parent.sokolov', 'parent123', 'Parent'),
(10, N'Наталья Дмитриевна Морозова', 'parent.morozova', 'parent123', 'Parent'),
(11, N'Светлана Алексеевна Лебедева', 'parent.lebedeva', 'parent123', 'Parent'),
(12, N'Владимир Олегович Киселев', 'parent.kiselev', 'parent123', 'Parent'),
(13, N'Татьяна Игоревна Федорова', 'parent.fedorova', 'parent123', 'Parent');
SET IDENTITY_INSERT dbo.Users OFF;
GO

SET IDENTITY_INSERT dbo.Teachers ON;
INSERT INTO dbo.Teachers (Id, UserId, Phone, Education, ExperienceYears) VALUES
(1, 2, N'+7 (999) 101-11-11', N'Педагогическое образование', 12),
(2, 3, N'+7 (999) 102-22-22', N'Дошкольная педагогика', 8),
(3, 4, N'+7 (999) 103-33-33', N'Педагог-психолог', 15),
(4, 5, N'+7 (999) 104-44-44', N'Методика дошкольного воспитания', 10),
(5, 6, N'+7 (999) 105-55-55', N'Логопедия', 7),
(6, 7, N'+7 (999) 106-66-66', N'Психология и педагогика', 9);
SET IDENTITY_INSERT dbo.Teachers OFF;
GO

SET IDENTITY_INSERT dbo.Parents ON;
INSERT INTO dbo.Parents (Id, UserId, Phone, Email, Address) VALUES
(1, 8, N'+7 (999) 201-11-11', N'sokolova@mail.ru', N'г. Москва, ул. Лесная, д. 12, кв. 14'),
(2, 9, N'+7 (999) 201-22-22', N'sokolov@mail.ru', N'г. Москва, ул. Лесная, д. 12, кв. 14'),
(3, 10, N'+7 (999) 202-33-33', N'morozova@mail.ru', N'г. Москва, ул. Садовая, д. 8, кв. 21'),
(4, 11, N'+7 (999) 203-44-44', N'lebedeva@mail.ru', N'г. Москва, ул. Парковая, д. 18, кв. 7'),
(5, 12, N'+7 (999) 204-55-55', N'kiselev@mail.ru', N'г. Москва, ул. Центральная, д. 4, кв. 56'),
(6, 13, N'+7 (999) 205-66-66', N'fedorova@mail.ru', N'г. Москва, ул. Молодежная, д. 27, кв. 30');
SET IDENTITY_INSERT dbo.Parents OFF;
GO

SET IDENTITY_INSERT dbo.Groups ON;
INSERT INTO dbo.Groups (Id, Name, AgeRange, TeacherId, Description) VALUES
(1, N'Солнышко', N'3-4 года', 1, N'Младшая группа для адаптации и развития базовых навыков.'),
(2, N'Ромашка', N'4-5 лет', 2, N'Средняя группа с упором на творческие занятия и развитие речи.'),
(3, N'Звездочки', N'5-6 лет', 3, N'Старшая группа с подготовкой к школе.'),
(4, N'Колокольчики', N'5-6 лет', 4, N'Группа с уклоном в творческое развитие.'),
(5, N'Лучики', N'4-5 лет', 5, N'Группа для развития речи и коммуникации.'),
(6, N'Пчелки', N'3-4 года', 6, N'Группа для социальной адаптации и игровой деятельности.');
SET IDENTITY_INSERT dbo.Groups OFF;
GO

SET IDENTITY_INSERT dbo.Children ON;
INSERT INTO dbo.Children (Id, FullName, BirthDate, Gender, GroupId, AdmissionDate, MedicalInfo, Notes) VALUES
(1, N'Артем Соколов', '2021-03-15', N'М', 1, '2024-09-01', N'Аллергия на цитрусовые.', N'Спокойно адаптируется, любит конструкторы.'),
(2, N'София Морозова', '2020-11-04', N'Ж', 2, '2024-09-01', N'Медицинских ограничений нет.', N'Активно участвует в творческих занятиях.'),
(3, N'Максим Лебедев', '2019-08-21', N'М', 3, '2023-09-01', N'Нужен контроль режима питания.', N'Проявляет интерес к подготовке к школе.'),
(4, N'Ева Киселева', '2021-01-10', N'Ж', 1, '2024-10-01', N'Медицинских ограничений нет.', N'Быстро идет на контакт со сверстниками.'),
(5, N'Илья Федоров', '2020-05-19', N'М', 5, '2024-09-15', N'Легкая пищевая аллергия.', N'Хорошо воспринимает занятия на развитие речи.'),
(6, N'Мария Соколова', '2019-12-02', N'Ж', 4, '2023-09-01', N'Медицинских ограничений нет.', N'Любит чтение и спокойные игры.'),
(7, N'Даниил Орлов', '2020-07-28', N'М', 6, '2024-09-01', N'Медицинских ограничений нет.', N'Нуждается в поддержке концентрации на занятиях.');
SET IDENTITY_INSERT dbo.Children OFF;
GO

SET IDENTITY_INSERT dbo.ChildParents ON;
INSERT INTO dbo.ChildParents (Id, ChildId, ParentId, RelationshipType) VALUES
(1, 1, 1, N'Мать'),
(2, 1, 2, N'Отец'),
(3, 2, 3, N'Мать'),
(4, 3, 4, N'Мать'),
(5, 4, 5, N'Отец'),
(6, 5, 6, N'Мать'),
(7, 6, 1, N'Мать');
SET IDENTITY_INSERT dbo.ChildParents OFF;
GO

SET IDENTITY_INSERT dbo.Attendance ON;
INSERT INTO dbo.Attendance (Id, ChildId, Date, Status, Comment) VALUES
(1, 1, '2026-04-21', N'Присутствовал', N''),
(2, 2, '2026-04-21', N'Присутствовал', N''),
(3, 3, '2026-04-21', N'Отсутствовал', N'Отсутствие по семейным обстоятельствам.'),
(4, 4, '2026-04-21', N'Присутствовал', N''),
(5, 5, '2026-04-21', N'Болел', N'По информации родителей ребенок находится дома по болезни.'),
(6, 6, '2026-04-21', N'Присутствовал', N''),
(7, 7, '2026-04-21', N'Присутствовал', N'');
SET IDENTITY_INSERT dbo.Attendance OFF;
GO

SET IDENTITY_INSERT dbo.Notes ON;
INSERT INTO dbo.Notes (Id, ChildId, TeacherId, NoteDate, Title, Description) VALUES
(1, 1, 1, '2026-04-22T10:00:00', N'Адаптация', N'Хорошо включился в режим дня и активно участвует в играх.'),
(2, 2, 2, '2026-04-22T11:00:00', N'Творчество', N'Отлично справилась с заданием по рисованию и проявила аккуратность.'),
(3, 3, 3, '2026-04-22T12:00:00', N'Подготовка к школе', N'Уверенно выполняет задания на счет и распознавание букв.'),
(4, 4, 1, '2026-04-23T09:30:00', N'Коммуникация', N'Проявляет инициативу в совместных играх и быстро находит контакт с детьми.'),
(5, 5, 5, '2026-04-23T13:00:00', N'Речь', N'Стал увереннее отвечать на вопросы во время группового занятия.'),
(6, 6, 4, '2026-04-24T14:00:00', N'Чтение', N'Проявляет интерес к чтению и внимательно слушает рассказы.'),
(7, 7, 6, '2026-04-24T15:00:00', N'Концентрация', N'Лучше удерживает внимание, если задание разбито на короткие этапы.');
SET IDENTITY_INSERT dbo.Notes OFF;
GO

SET IDENTITY_INSERT dbo.Announcements ON;
INSERT INTO dbo.Announcements (Id, GroupId, TeacherId, Title, Description, PublishDate) VALUES
(1, 1, 1, N'Сменная одежда', N'Просьба принести комплект сменной одежды по сезону.', '2026-04-20T09:00:00'),
(2, 2, 2, N'Творческая неделя', N'На неделе пройдет цикл творческих занятий, можно принести материалы для поделок.', '2026-04-21T10:00:00'),
(3, 3, 3, N'Подготовка к школе', N'Продолжаем выполнять упражнения на развитие внимания и логики.', '2026-04-22T11:00:00'),
(4, 4, 4, N'Выставка работ', N'В пятницу будет организована выставка детских творческих работ.', '2026-04-23T12:00:00'),
(5, 5, 5, N'Логопедическое занятие', N'На следующей неделе пройдут дополнительные занятия по развитию речи.', '2026-04-24T13:00:00'),
(6, 6, 6, N'Прогулка', N'Завтра планируется длительная прогулка, подготовьте удобную обувь.', '2026-04-25T08:00:00');
SET IDENTITY_INSERT dbo.Announcements OFF;
GO

SET IDENTITY_INSERT dbo.Applications ON;
INSERT INTO dbo.Applications (Id, ParentFullName, Phone, Email, ChildFullName, ChildBirthDate, DesiredGroup, Comment, ApplicationDate, Status) VALUES
(1, N'Екатерина Романова', N'+7 (999) 301-11-11', N'romanova@mail.ru', N'Кирилл Романов', '2022-02-14', N'Солнышко', N'Интересует зачисление с сентября.', '2026-04-20T10:00:00', N'Новая'),
(2, N'Алексей Власов', N'+7 (999) 302-22-22', N'vlasov@mail.ru', N'Алиса Власова', '2021-09-05', N'Ромашка', N'Ребенок ранее посещал частный сад.', '2026-04-22T12:00:00', N'В обработке'),
(3, N'Мария Котова', N'+7 (999) 303-33-33', N'kotova@mail.ru', N'Денис Котов', '2020-04-09', N'Звездочки', N'Нужна группа с подготовкой к школе.', '2026-04-25T14:00:00', N'Принята'),
(4, N'Ольга Николаева', N'+7 (999) 304-44-44', N'nikolaeva@mail.ru', N'Варвара Николаева', '2022-07-01', N'Солнышко', N'Просьба связаться после 18:00.', '2026-04-27T16:00:00', N'Отклонена'),
(5, N'Сергей Панов', N'+7 (999) 305-55-55', N'panov@mail.ru', N'Михаил Панов', '2021-04-18', N'Лучики', N'Интересует наличие мест в средней группе.', '2026-04-29T09:00:00', N'Новая');
SET IDENTITY_INSERT dbo.Applications OFF;
GO

COMMIT TRANSACTION;
GO
